[GREEN REGENCY TEACUP AND SAUCER], 590
[HEART OF WICKER SMALL], 634
[PAPER BUNTING RETROSPOT], 505
[WHITE HANGING HEART T-LIGHT HOLDER], 1245
[POPCORN HOLDER], 627
[POSTAGE], 500
[REGENCY CAKESTAND 3 TIER], 1179
[WOODEN PICTURE FRAME WHITE FINISH], 586
[JUMBO  BAG BAROQUE BLACK WHITE], 499
[JUMBO BAG RED RETROSPOT], 1005
[SET/20 RED RETROSPOT PAPER NAPKINS], 573
[LUNCH BAG SUKI DESIGN], 621
[SET OF 6 SPICE TINS PANTRY DESIGN], 572
[JUMBO BAG PINK POLKADOT], 611
[PARTY BUNTING], 955
[LUNCH BAG WOODLAND], 485
[JUMBO STORAGE BAG SUKI], 606
[LUNCH BAG RED RETROSPOT], 789
[PACK OF 60 PINK PAISLEY CAKE CASES], 483
[LUNCH BAG  BLACK SKULL.], 564
[ALARM CLOCK BAKELIKE RED], 479
[PACK OF 72 RETROSPOT CAKE CASES], 732
[LUNCH BAG CARS BLUE], 525
[ROSES REGENCY TEACUP AND SAUCER], 601
[PLEASE ONE PERSON METAL SIGN], 508
[JUMBO SHOPPER VINTAGE RED PAISLEY], 597
[STRAWBERRY CERAMIC TRINKET BOX], 478
[ASSORTED COLOUR BIRD ORNAMENT], 694
[JAM MAKING SET PRINTED], 596
[SET OF 3 CAKE TINS PANTRY DESIGN], 680
[LUNCH BAG SPACEBOY DESIGN], 508
[NATURAL SLATE HEART CHALKBOARD], 677
[LUNCH BAG PINK POLKADOT], 508
[VICTORIAN GLASS HANGING T-LIGHT], 594
[SET OF 4 PANTRY JELLY MOULDS], 507
[RECIPE BOX PANTRY YELLOW DESIGN], 591
[JAM MAKING SET WITH JARS], 671
