[IVORY KITCHEN SCALES], 321
[LUNCH BAG SUKI DESIGN], 621
[WOODEN UNION JACK BUNTING], 302
[RED RETROSPOT CAKE STAND], 354
[CHOCOLATE HOT WATER BOTTLE], 272
[SET/5 RED RETROSPOT LID GLASS BOWLS], 433
[DOORMAT FANCY FONT HOME SWEET HOME], 256
[JUMBO BAG RED RETROSPOT], 1005
[JUMBO BAG RED RETROSPOT,DOTCOM POSTAGE], 291
[ENAMEL BREAD BIN CREAM], 246
[HAND OVER THE CHOCOLATE   SIGN], 372
[NATURAL SLATE CHALKBOARD LARGE], 272
[DOTCOM POSTAGE], 428
[SWEETHEART CAKESTAND 3 TIER], 319
[GREEN REGENCY TEACUP AND SAUCER], 590
[GREEN REGENCY TEACUP AND SAUCER,DOTCOM POSTAGE], 187
[GREEN REGENCY TEACUP AND SAUCER,REGENCY CAKESTAND 3 TIER], 293
[RED HANGING HEART T-LIGHT HOLDER], 371
[DOORMAT UNION FLAG], 383
[CHILLI LIGHTS], 319
[WHITE HANGING HEART T-LIGHT HOLDER], 1245
[WHITE HANGING HEART T-LIGHT HOLDER,PARTY BUNTING], 249
[WHITE HANGING HEART T-LIGHT HOLDER,REGENCY CAKESTAND 3 TIER], 212
[RETROSPOT HEART HOT WATER BOTTLE], 252
[6 RIBBONS RUSTIC CHARM], 445
[JUMBO BAG PINK POLKADOT], 611
[JUMBO BAG PINK POLKADOT,JUMBO BAG RED RETROSPOT], 413
[JUMBO BAG PINK POLKADOT,JUMBO BAG RED RETROSPOT,DOTCOM POSTAGE], 163
[JUMBO BAG PINK POLKADOT,DOTCOM POSTAGE], 205
[NATURAL SLATE HEART CHALKBOARD], 677
[NATURAL SLATE HEART CHALKBOARD,DOTCOM POSTAGE], 158
[WOOD S/3 CABINET ANT WHITE FINISH], 310
[WOODEN PICTURE FRAME WHITE FINISH], 586
[PICNIC BASKET WICKER SMALL], 414
[PICNIC BASKET WICKER SMALL,DOTCOM POSTAGE], 198
[DOORMAT FAIRY CAKE], 248
[HEART OF WICKER LARGE], 469
[REGENCY CAKESTAND 3 TIER], 1179
[RED KITCHEN SCALES], 281
[COOK WITH WINE METAL SIGN], 443
[3 HOOK PHOTO SHELF ANTIQUE WHITE], 246
[RETROSPOT TEA SET CERAMIC 11 PC], 369
[HOMEMADE JAM SCENTED CANDLES], 414
[DOORMAT RED RETROSPOT], 409
[HEART OF WICKER SMALL], 634
[HEART OF WICKER SMALL,DOTCOM POSTAGE], 151
[POSTAGE], 500
[DOORMAT WELCOME TO OUR HOME], 239
[WHITE WOOD GARDEN PLANT LADDER], 245
[PARTY BUNTING], 955
[PARTY BUNTING,REGENCY CAKESTAND 3 TIER], 238
[JUMBO STORAGE BAG SUKI], 606
[JUMBO STORAGE BAG SUKI,JUMBO BAG RED RETROSPOT], 364
[JUMBO STORAGE BAG SUKI,JUMBO BAG RED RETROSPOT,DOTCOM POSTAGE], 162
[JUMBO STORAGE BAG SUKI,DOTCOM POSTAGE], 221
[WOODEN FRAME ANTIQUE WHITE], 398
[LOVE BUILDING BLOCK WORD], 380
[PLEASE ONE PERSON METAL SIGN], 508
[DOORMAT ENGLISH ROSE], 240
[SET OF 6 SPICE TINS PANTRY DESIGN], 572
[SCOTTIE DOG HOT WATER BOTTLE], 268
[RECIPE BOX PANTRY YELLOW DESIGN], 591
[ENAMEL FLOWER JUG CREAM], 339
[JUMBO BAG PINK VINTAGE PAISLEY], 440
[GIN + TONIC DIET METAL SIGN], 402
[RED TOADSTOOL LED NIGHT LIGHT], 395
[RED TOADSTOOL LED NIGHT LIGHT,DOTCOM POSTAGE], 166
[LUNCH BAG PINK POLKADOT], 508
[ALARM CLOCK BAKELIKE RED], 479
[WOOD 2 DRAWER CABINET WHITE FINISH], 251
[WOOD BLACK BOARD ANT WHITE FINISH], 354
[JAM MAKING SET WITH JARS], 671
[SET OF 3 CAKE TINS PANTRY DESIGN], 680
[SET OF 3 CAKE TINS PANTRY DESIGN,SET OF 6 SPICE TINS PANTRY DESIGN], 270
[ROSES REGENCY TEACUP AND SAUCER], 601
[ROSES REGENCY TEACUP AND SAUCER,DOTCOM POSTAGE], 153
[ROSES REGENCY TEACUP AND SAUCER,REGENCY CAKESTAND 3 TIER], 295
[ROSES REGENCY TEACUP AND SAUCER,GREEN REGENCY TEACUP AND SAUCER], 433
[ROSES REGENCY TEACUP AND SAUCER,GREEN REGENCY TEACUP AND SAUCER,REGENCY CAKESTAND 3 TIER], 228
[DOORMAT SPOTTY HOME SWEET HOME], 268
[CREAM SWEETHEART MINI CHEST], 292
[DOORMAT HEARTS], 353
[BAKING SET 9 PIECE RETROSPOT], 336
[LUNCH BAG RED RETROSPOT], 789
[HOT BATHS METAL SIGN], 360
[JUMBO BAG WOODLAND ANIMALS], 444
[JUMBO BAG WOODLAND ANIMALS,DOTCOM POSTAGE], 207
[HOME BUILDING BLOCK WORD], 470
[JUMBO SHOPPER VINTAGE RED PAISLEY], 597
[JUMBO SHOPPER VINTAGE RED PAISLEY,DOTCOM POSTAGE], 207
[DOORMAT NEW ENGLAND], 338
[RECYCLING BAG RETROSPOT], 404
[RECYCLING BAG RETROSPOT,DOTCOM POSTAGE], 189
[PINK REGENCY TEACUP AND SAUCER], 382
[PINK REGENCY TEACUP AND SAUCER,REGENCY CAKESTAND 3 TIER], 191
[JAM MAKING SET PRINTED], 596
[JAM MAKING SET PRINTED,JAM MAKING SET WITH JARS], 259
[JUMBO  BAG BAROQUE BLACK WHITE], 499
[JUMBO  BAG BAROQUE BLACK WHITE,DOTCOM POSTAGE], 162
[SPOTTY BUNTING], 370
[PAPER BUNTING RETROSPOT], 505
[EDWARDIAN PARASOL NATURAL], 249
[PICNIC BASKET WICKER LARGE], 374
[VINTAGE UNION JACK BUNTING], 261
